,NumSam,Mean,Variance
Pclass,891,2.308641975308642,0.6990151199889028
Sex,891,1.3524130190796857,0.2284745078752569
Age,714,23.600639730639728,319.24742711837473
SibSp,891,0.5230078563411896,1.2160430774662985
Parch,891,0.38159371492704824,0.6497282437357343
Fare,891,32.204207968574636,2469.436845743116
Cabin,204,18.641786791526375,1800.9378236429156
Embarked,889,2.527497194163861,0.6540183356662759
